frame,output_timestamp,idr,annexb_bytes,payload_bytes,config_bytes,encode_and_lock_ms,hw_status_raw
0,0,1,36732,36732,88,5.7671,2
1,1,0,28952,28952,0,2.8378,2
2,2,0,24884,24884,0,2.5188,2
3,3,0,21501,21501,0,5.2989,2
4,4,0,18017,18017,0,3.0461,2
5,5,0,16170,16170,0,2.6375,2
6,6,0,11946,11946,0,2.6902,2
7,7,0,8194,8194,0,2.5698,2
8,8,0,6073,6073,0,2.6812,2
9,9,0,4156,4156,0,2.5382,2
10,10,0,3339,3339,0,2.6821,2
11,11,0,2654,2654,0,2.4902,2
12,12,0,1754,1754,0,4.7309,2
13,13,0,1740,1740,0,2.5769,2
14,14,0,1620,1620,0,2.5181,2
15,15,0,1116,1116,0,2.5468,2
16,16,0,1221,1221,0,2.4639,2
17,17,0,1045,1045,0,2.5457,2
18,18,0,743,743,0,2.4829,2
19,19,0,720,720,0,2.4741,2
20,20,0,557,557,0,2.4793,2
21,21,0,702,702,0,3.9413,2
22,22,0,736,736,0,2.5121,2
23,23,0,533,533,0,2.4738,2
24,24,0,481,481,0,2.5099,2
25,25,0,476,476,0,2.5087,2
26,26,0,390,390,0,2.483,2
27,27,0,447,447,0,2.6385,2
28,28,0,416,416,0,2.4764,2
29,29,0,360,360,0,2.558,2
30,30,0,355,355,0,2.4772,2
31,31,0,453,453,0,2.4322,2
32,32,0,331,331,0,2.4798,2
33,33,0,344,344,0,2.4217,2
34,34,0,415,415,0,2.4785,2
35,35,0,394,394,0,2.7231,2
36,36,0,312,312,0,2.4379,2
37,37,0,310,310,0,2.4696,2
38,38,0,332,332,0,2.4735,2
39,39,0,365,365,0,2.4466,2
40,40,0,266,266,0,2.5339,2
41,41,0,277,277,0,2.431,2
42,42,0,330,330,0,2.4493,2
43,43,0,382,382,0,2.448,2
44,44,0,252,252,0,2.5317,2
45,45,0,284,284,0,2.4596,2
46,46,0,321,321,0,2.5466,2
47,47,0,389,389,0,2.6644,2
48,48,0,273,273,0,2.5016,2
49,49,0,253,253,0,2.477,2
50,50,0,292,292,0,2.8054,2
51,51,0,360,360,0,2.4292,2
52,52,0,330,330,0,2.4672,2
53,53,0,268,268,0,2.6441,2
54,54,0,293,293,0,2.4954,2
55,55,0,314,314,0,2.4749,2
56,56,0,273,273,0,2.558,2
57,57,0,277,277,0,2.432,2
58,58,0,301,301,0,2.5507,2
59,59,0,325,325,0,2.4686,2
60,60,1,37069,37069,88,4.0316,2
61,61,0,29639,29639,0,2.5181,2
62,62,0,24642,24642,0,2.5685,2
63,63,0,21235,21235,0,2.5246,2
64,64,0,16730,16730,0,3.7228,2
65,65,0,15588,15588,0,2.7514,2
66,66,0,11527,11527,0,2.5757,2
67,67,0,7762,7762,0,2.6513,2
68,68,0,5698,5698,0,2.5957,2
69,69,0,4023,4023,0,2.5258,2
70,70,0,2969,2969,0,2.4553,2
71,71,0,2182,2182,0,2.496,2
72,72,0,2067,2067,0,2.4531,2
73,73,0,1621,1621,0,2.5058,2
74,74,0,1297,1297,0,2.4682,2
75,75,0,1170,1170,0,2.425,2
76,76,0,1003,1003,0,2.4582,2
77,77,0,915,915,0,2.5073,2
78,78,0,796,796,0,2.4254,2
79,79,0,644,644,0,3.3061,2
80,80,0,796,796,0,2.4611,2
81,81,0,832,832,0,2.5665,2
82,82,0,597,597,0,2.4401,2
83,83,0,632,632,0,2.4936,2
84,84,0,635,635,0,2.4805,2
85,85,0,682,682,0,2.44,2
86,86,0,548,548,0,2.5501,2
87,87,0,419,419,0,2.498,2
88,88,0,467,467,0,2.6396,2
89,89,0,439,439,0,2.7908,2
90,90,0,465,465,0,2.4172,2
91,91,0,422,422,0,2.4685,2
92,92,0,438,438,0,3.9232,2
93,93,0,445,445,0,2.5038,2
94,94,0,516,516,0,2.4815,2
95,95,0,354,354,0,2.4507,2
96,96,0,507,507,0,2.6113,2
97,97,0,504,504,0,2.605,2
98,98,0,463,463,0,2.4872,2
99,99,0,396,396,0,2.5382,2
100,100,0,396,396,0,2.5975,2
101,101,0,383,383,0,2.4746,2
102,102,0,395,395,0,2.7405,2
103,103,0,338,338,0,2.5799,2
104,104,0,332,332,0,2.5478,2
105,105,0,338,338,0,2.4382,2
106,106,0,515,515,0,2.8544,2
107,107,0,294,294,0,2.5521,2
108,108,0,340,340,0,2.5814,2
109,109,0,330,330,0,2.6783,2
110,110,0,410,410,0,2.7438,2
111,111,0,315,315,0,2.49,2
112,112,0,305,305,0,2.5544,2
113,113,0,375,375,0,2.711,2
114,114,0,415,415,0,2.4916,2
115,115,0,366,366,0,2.6275,2
116,116,0,390,390,0,2.9923,2
117,117,0,480,480,0,2.4788,2
118,118,0,396,396,0,2.4708,2
119,119,0,268,268,0,2.4486,2
