cycle,private_bytes,working_set_bytes,gpu_local_bytes,gpu_nonlocal_bytes,handles
-1,368979968,70995968,63758336,27058176,411
0,368992256,73465856,63758336,29417472,411
1,406814720,75821056,63758336,31711232,411
2,406814720,77082624,63758336,32923648,411
3,406814720,77295616,63758336,33185792,411
4,419422208,77492224,63758336,33382400,411
5,419426304,77787136,63758336,33775616,411
6,419426304,78020608,63758336,33972224,411
7,432025600,78274560,63758336,34168832,411
8,432025600,78667776,63758336,34562048,411
9,433123328,79736832,63758336,34758656,411
10,444649472,79077376,63758336,34955264,411
11,444649472,79470592,63758336,35348480,411
12,444649472,79667200,63758336,35545088,411
13,457256960,79867904,63758336,35741696,411
14,457256960,80261120,63758336,36134912,411
15,457256960,80457728,63758336,36331520,411
16,469864448,80654336,63758336,36528128,411
17,471023616,81915904,63758336,36921344,411
18,471023616,82018304,63758336,37117952,411
19,482471936,81338368,63758336,37314560,411
20,483631104,82702336,63758336,37707776,411
21,483631104,82800640,63758336,37904384,411
22,495079424,81928192,63758336,37904384,411
23,495079424,82030592,63758336,37904384,411
24,495079424,82030592,63758336,37904384,411
25,507686912,81928192,63758336,37904384,411
26,508846080,82903040,63758336,37904384,411
27,496242688,82894848,63758336,37904384,411
28,507686912,82034688,63758336,37904384,411
29,508846080,82903040,63758336,37904384,411
30,495804416,82792448,63758336,37904384,411
31,507248640,82034688,63758336,37904384,411
32,507248640,82034688,63758336,37904384,411
33,495804416,82894848,63758336,37904384,411
34,507265024,81948672,63758336,37904384,411
35,508407808,82907136,63758336,37904384,411
36,493113344,82804736,63758336,37904384,411
37,504573952,81948672,63758336,37904384,411
38,505716736,82903040,63758336,37904384,411
39,490360832,82796544,63758336,37904384,411
40,501821440,81952768,63758336,37904384,411
41,502964224,82911232,63758336,37904384,411
42,490360832,82808832,63758336,37904384,411
43,501821440,81952768,63758336,37904384,411
44,502964224,82907136,63758336,37904384,411
45,490360832,82808832,63758336,37904384,411
46,501821440,81952768,63758336,37904384,411
47,502964224,82911232,63758336,37904384,411
48,490360832,82796544,63758336,37904384,411
49,501821440,81952768,63758336,37904384,411
50,503304192,83079168,63758336,37904384,411
51,498593792,82800640,63758336,37904384,411
52,510271488,81956864,63758336,37904384,411
53,511201280,82915328,63758336,37904384,411
54,498597888,82804736,63758336,37904384,411
55,510271488,81956864,63758336,37904384,411
56,511201280,82898944,63758336,37904384,411
57,493019136,82808832,63758336,37904384,411
58,504692736,81952768,63758336,37904384,411
59,505622528,82915328,63758336,37904384,411
60,493019136,82817024,63758336,37904384,411
61,504692736,81956864,63758336,37904384,411
62,505622528,82898944,63758336,37904384,411
63,493015040,82812928,63758336,37904384,411
64,504700928,81969152,63758336,37904384,411
65,505622528,82911232,63758336,37904384,411
66,493019136,82817024,63758336,37904384,411
67,504700928,81969152,63758336,37904384,411
68,505622528,82911232,63758336,37904384,411
69,493019136,82817024,63758336,37904384,411
70,504700928,81969152,63758336,37904384,411
71,505622528,82923520,63758336,37904384,411
72,493019136,82817024,63758336,37904384,411
73,504700928,81965056,63758336,37904384,411
74,505622528,82911232,63758336,37904384,411
75,493019136,82812928,63758336,37904384,411
76,504700928,81965056,63758336,37904384,411
77,505622528,82915328,63758336,37904384,411
78,493019136,82821120,63758336,37904384,411
79,504700928,81973248,63758336,37904384,411
80,505622528,82915328,63758336,37904384,411
81,494465024,82825216,63758336,37904384,411
82,506150912,81973248,63758336,37904384,411
83,507072512,82915328,63758336,37904384,411
84,494469120,82821120,63758336,37904384,411
85,506150912,81969152,63758336,37904384,411
86,507072512,82915328,63758336,37904384,411
87,494469120,82817024,63758336,37904384,411
88,506150912,81973248,63758336,37904384,411
89,507072512,82915328,63758336,37904384,411
90,494469120,82821120,63758336,37904384,411
91,506183680,82006016,63758336,37904384,411
92,507625472,82964480,63758336,37904384,411
93,495017984,82853888,63758336,37904384,411
94,506183680,82006016,63758336,37904384,411
95,507625472,82964480,63758336,37904384,411
96,495022080,82857984,63758336,37904384,411
97,506183680,82001920,63758336,37904384,411
98,507625472,82964480,63758336,37904384,411
99,495022080,82853888,63758336,37904384,411
