frame,cycle,width,height,generation,timestamp,idr,encode_and_lock_ms
0,0,1920,1080,1,0,1,2.4237
1,0,1920,1080,1,1,0,1.7824
2,0,1920,1080,1,2,1,2.4038
3,0,1920,1080,2,3,1,2.361
4,0,2560,1440,4,4,1,6.0456
5,0,2560,1440,4,5,0,2.3905
6,1,2560,1440,1,0,1,4.1137
7,1,2560,1440,1,1,0,2.8286
8,1,2560,1440,1,2,1,3.7149
9,1,2560,1440,2,3,1,3.6671
10,1,3840,2160,3,4,1,6.9699
11,1,3840,2160,3,5,0,3.1721
12,2,3840,2160,1,0,1,6.3942
13,2,3840,2160,1,1,0,2.7359
14,2,3840,2160,1,2,1,4.2539
15,2,3840,2160,2,3,1,4.2376
16,2,1920,1080,4,4,1,2.7412
17,2,1920,1080,4,5,0,1.9279
18,3,1920,1080,1,0,1,3.4146
19,3,1920,1080,1,1,0,1.8374
20,3,1920,1080,1,2,1,2.3533
21,3,1920,1080,2,3,1,2.3707
22,3,2560,1440,3,4,1,4.2471
23,3,2560,1440,3,5,0,2.5277
24,4,2560,1440,1,0,1,4.7115
25,4,2560,1440,1,1,0,2.4234
26,4,2560,1440,1,2,1,3.7951
27,4,2560,1440,2,3,1,3.7106
28,4,3840,2160,4,4,1,5.1717
29,4,3840,2160,4,5,0,3.9194
30,5,3840,2160,1,0,1,4.761
31,5,3840,2160,1,1,0,2.9726
32,5,3840,2160,1,2,1,4.5398
33,5,3840,2160,2,3,1,4.3085
34,5,1920,1080,3,4,1,3.7298
35,5,1920,1080,3,5,0,1.8813
36,6,1920,1080,1,0,1,2.5131
37,6,1920,1080,1,1,0,1.9649
38,6,1920,1080,1,2,1,2.3587
39,6,1920,1080,2,3,1,2.3138
40,6,2560,1440,4,4,1,8.0939
41,6,2560,1440,4,5,0,2.3909
42,7,2560,1440,1,0,1,4.383
43,7,2560,1440,1,1,0,2.3086
44,7,2560,1440,1,2,1,3.7589
45,7,2560,1440,2,3,1,4.1237
46,7,3840,2160,3,4,1,24.3868
47,7,3840,2160,3,5,0,3.1233
48,8,3840,2160,1,0,1,4.8509
49,8,3840,2160,1,1,0,3.1328
50,8,3840,2160,1,2,1,4.6285
51,8,3840,2160,2,3,1,4.1685
52,8,1920,1080,4,4,1,3.4845
53,8,1920,1080,4,5,0,2.1832
54,9,1920,1080,1,0,1,2.7815
55,9,1920,1080,1,1,0,1.8474
56,9,1920,1080,1,2,1,2.4208
57,9,1920,1080,2,3,1,2.5243
58,9,2560,1440,3,4,1,8.1645
59,9,2560,1440,3,5,0,2.6224
60,10,2560,1440,1,0,1,3.9544
61,10,2560,1440,1,1,0,2.346
62,10,2560,1440,1,2,1,3.7405
63,10,2560,1440,2,3,1,3.5911
64,10,3840,2160,4,4,1,4.6265
65,10,3840,2160,4,5,0,3.0664
66,11,3840,2160,1,0,1,5.8829
67,11,3840,2160,1,1,0,3.313
68,11,3840,2160,1,2,1,4.6664
69,11,3840,2160,2,3,1,4.1722
70,11,1920,1080,3,4,1,14.577
71,11,1920,1080,3,5,0,1.9885
72,12,1920,1080,1,0,1,8.4538
73,12,1920,1080,1,1,0,1.7164
74,12,1920,1080,1,2,1,2.4168
75,12,1920,1080,2,3,1,2.4246
76,12,2560,1440,4,4,1,19.9184
77,12,2560,1440,4,5,0,2.6291
78,13,2560,1440,1,0,1,3.8957
79,13,2560,1440,1,1,0,2.624
80,13,2560,1440,1,2,1,3.6838
81,13,2560,1440,2,3,1,3.7179
82,13,3840,2160,3,4,1,7.9065
83,13,3840,2160,3,5,0,4.6076
84,14,3840,2160,1,0,1,6.4833
85,14,3840,2160,1,1,0,2.8643
86,14,3840,2160,1,2,1,7.6589
87,14,3840,2160,2,3,1,4.3801
88,14,1920,1080,4,4,1,4.5508
89,14,1920,1080,4,5,0,1.9359
90,15,1920,1080,1,0,1,3.1875
91,15,1920,1080,1,1,0,2.052
92,15,1920,1080,1,2,1,2.6017
93,15,1920,1080,2,3,1,2.3068
94,15,2560,1440,3,4,1,4.3555
95,15,2560,1440,3,5,0,2.45
96,16,2560,1440,1,0,1,11.169
97,16,2560,1440,1,1,0,2.7785
98,16,2560,1440,1,2,1,3.6665
99,16,2560,1440,2,3,1,3.6725
100,16,3840,2160,4,4,1,5.8818
101,16,3840,2160,4,5,0,3.2031
102,17,3840,2160,1,0,1,5.1827
103,17,3840,2160,1,1,0,4.8202
104,17,3840,2160,1,2,1,4.2809
105,17,3840,2160,2,3,1,4.3232
106,17,1920,1080,3,4,1,5.5419
107,17,1920,1080,3,5,0,1.7217
108,18,1920,1080,1,0,1,3.4267
109,18,1920,1080,1,1,0,1.7717
110,18,1920,1080,1,2,1,2.4383
111,18,1920,1080,2,3,1,2.4014
112,18,2560,1440,4,4,1,4.9741
113,18,2560,1440,4,5,0,2.7483
114,19,2560,1440,1,0,1,5.48
115,19,2560,1440,1,1,0,2.544
116,19,2560,1440,1,2,1,3.8222
117,19,2560,1440,2,3,1,3.8303
118,19,3840,2160,3,4,1,5.0948
119,19,3840,2160,3,5,0,2.9439
120,20,3840,2160,1,0,1,5.6454
121,20,3840,2160,1,1,0,2.8336
122,20,3840,2160,1,2,1,4.6645
123,20,3840,2160,2,3,1,5.0551
124,20,1920,1080,4,4,1,4.7416
125,20,1920,1080,4,5,0,1.9263
126,21,1920,1080,1,0,1,2.4758
127,21,1920,1080,1,1,0,2.157
128,21,1920,1080,1,2,1,2.5192
129,21,1920,1080,2,3,1,2.4263
130,21,2560,1440,3,4,1,4.1673
131,21,2560,1440,3,5,0,2.7273
132,22,2560,1440,1,0,1,5.107
133,22,2560,1440,1,1,0,2.5732
134,22,2560,1440,1,2,1,3.5354
135,22,2560,1440,2,3,1,3.685
136,22,3840,2160,4,4,1,4.669
137,22,3840,2160,4,5,0,2.585
138,23,3840,2160,1,0,1,4.6784
139,23,3840,2160,1,1,0,2.5941
140,23,3840,2160,1,2,1,4.0985
141,23,3840,2160,2,3,1,4.0714
142,23,1920,1080,3,4,1,2.3887
143,23,1920,1080,3,5,0,1.4747
144,24,1920,1080,1,0,1,5.972
145,24,1920,1080,1,1,0,1.5186
146,24,1920,1080,1,2,1,2.2112
147,24,1920,1080,2,3,1,2.8593
148,24,2560,1440,4,4,1,4.3359
149,24,2560,1440,4,5,0,2.6961
150,25,2560,1440,1,0,1,4.5187
151,25,2560,1440,1,1,0,2.4912
152,25,2560,1440,1,2,1,4.5717
153,25,2560,1440,2,3,1,4.3527
154,25,3840,2160,3,4,1,6.2162
155,25,3840,2160,3,5,0,3.3142
156,26,3840,2160,1,0,1,5.3804
157,26,3840,2160,1,1,0,3.2582
158,26,3840,2160,1,2,1,4.6136
159,26,3840,2160,2,3,1,4.0723
160,26,1920,1080,4,4,1,3.0079
161,26,1920,1080,4,5,0,2.2846
162,27,1920,1080,1,0,1,9.4435
163,27,1920,1080,1,1,0,1.5504
164,27,1920,1080,1,2,1,2.3217
165,27,1920,1080,2,3,1,2.4756
166,27,2560,1440,3,4,1,17.0389
167,27,2560,1440,3,5,0,2.7086
168,28,2560,1440,1,0,1,4.0012
169,28,2560,1440,1,1,0,2.307
170,28,2560,1440,1,2,1,3.6632
171,28,2560,1440,2,3,1,3.6776
172,28,3840,2160,4,4,1,8.4686
173,28,3840,2160,4,5,0,3.2171
174,29,3840,2160,1,0,1,5.1307
175,29,3840,2160,1,1,0,3.4093
176,29,3840,2160,1,2,1,4.4556
177,29,3840,2160,2,3,1,4.2839
178,29,1920,1080,3,4,1,4.0917
179,29,1920,1080,3,5,0,1.7846
180,30,1920,1080,1,0,1,3.2919
181,30,1920,1080,1,1,0,1.8595
182,30,1920,1080,1,2,1,2.4101
183,30,1920,1080,2,3,1,2.3528
184,30,2560,1440,4,4,1,5.7208
185,30,2560,1440,4,5,0,2.4497
186,31,2560,1440,1,0,1,13.1955
187,31,2560,1440,1,1,0,2.3979
188,31,2560,1440,1,2,1,3.6888
189,31,2560,1440,2,3,1,3.6974
190,31,3840,2160,3,4,1,7.1127
191,31,3840,2160,3,5,0,2.8337
192,32,3840,2160,1,0,1,17.3666
193,32,3840,2160,1,1,0,3.1407
194,32,3840,2160,1,2,1,4.9806
195,32,3840,2160,2,3,1,4.379
196,32,1920,1080,4,4,1,2.8967
197,32,1920,1080,4,5,0,1.9126
198,33,1920,1080,1,0,1,3.7281
199,33,1920,1080,1,1,0,1.8881
200,33,1920,1080,1,2,1,2.3391
201,33,1920,1080,2,3,1,2.3733
202,33,2560,1440,3,4,1,9.2449
203,33,2560,1440,3,5,0,2.6967
204,34,2560,1440,1,0,1,4.7978
205,34,2560,1440,1,1,0,3.5867
206,34,2560,1440,1,2,1,3.6849
207,34,2560,1440,2,3,1,3.6521
208,34,3840,2160,4,4,1,5.4115
209,34,3840,2160,4,5,0,3.0926
210,35,3840,2160,1,0,1,6.8736
211,35,3840,2160,1,1,0,2.7928
212,35,3840,2160,1,2,1,4.9081
213,35,3840,2160,2,3,1,4.5888
214,35,1920,1080,3,4,1,3.0678
215,35,1920,1080,3,5,0,1.7426
216,36,1920,1080,1,0,1,5.4014
217,36,1920,1080,1,1,0,1.8444
218,36,1920,1080,1,2,1,2.4773
219,36,1920,1080,2,3,1,2.6511
220,36,2560,1440,4,4,1,4.3262
221,36,2560,1440,4,5,0,3.7941
222,37,2560,1440,1,0,1,7.4385
223,37,2560,1440,1,1,0,2.2975
224,37,2560,1440,1,2,1,5.5571
225,37,2560,1440,2,3,1,4.0655
226,37,3840,2160,3,4,1,5.6711
227,37,3840,2160,3,5,0,5.0034
228,38,3840,2160,1,0,1,5.166
229,38,3840,2160,1,1,0,3.3334
230,38,3840,2160,1,2,1,4.9779
231,38,3840,2160,2,3,1,4.6325
232,38,1920,1080,4,4,1,15.8388
233,38,1920,1080,4,5,0,1.5684
234,39,1920,1080,1,0,1,6.3666
235,39,1920,1080,1,1,0,1.8489
236,39,1920,1080,1,2,1,2.5831
237,39,1920,1080,2,3,1,2.4248
238,39,2560,1440,3,4,1,5.1847
239,39,2560,1440,3,5,0,2.8957
240,40,2560,1440,1,0,1,14.8429
241,40,2560,1440,1,1,0,2.8983
242,40,2560,1440,1,2,1,4.4945
243,40,2560,1440,2,3,1,3.8162
244,40,3840,2160,4,4,1,12.606
245,40,3840,2160,4,5,0,5.8302
246,41,3840,2160,1,0,1,5.6062
247,41,3840,2160,1,1,0,2.994
248,41,3840,2160,1,2,1,4.2793
249,41,3840,2160,2,3,1,4.5942
250,41,1920,1080,3,4,1,12.6548
251,41,1920,1080,3,5,0,1.8371
252,42,1920,1080,1,0,1,2.6163
253,42,1920,1080,1,1,0,2.4321
254,42,1920,1080,1,2,1,2.2864
255,42,1920,1080,2,3,1,2.3443
256,42,2560,1440,4,4,1,7.3841
257,42,2560,1440,4,5,0,2.4076
258,43,2560,1440,1,0,1,5.3328
259,43,2560,1440,1,1,0,2.6485
260,43,2560,1440,1,2,1,3.8104
261,43,2560,1440,2,3,1,3.677
262,43,3840,2160,3,4,1,7.9667
263,43,3840,2160,3,5,0,2.644
264,44,3840,2160,1,0,1,4.6839
265,44,3840,2160,1,1,0,2.5731
266,44,3840,2160,1,2,1,4.0602
267,44,3840,2160,2,3,1,4.0582
268,44,1920,1080,4,4,1,2.5026
269,44,1920,1080,4,5,0,1.4764
270,45,1920,1080,1,0,1,2.4957
271,45,1920,1080,1,1,0,1.4888
272,45,1920,1080,1,2,1,2.1909
273,45,1920,1080,2,3,1,2.2788
274,45,2560,1440,3,4,1,3.7818
275,45,2560,1440,3,5,0,2.23
276,46,2560,1440,1,0,1,3.922
277,46,2560,1440,1,1,0,2.2347
278,46,2560,1440,1,2,1,3.5209
279,46,2560,1440,2,3,1,3.5212
280,46,3840,2160,4,4,1,5.0522
281,46,3840,2160,4,5,0,2.5991
282,47,3840,2160,1,0,1,5.0307
283,47,3840,2160,1,1,0,2.6761
284,47,3840,2160,1,2,1,5.0136
285,47,3840,2160,2,3,1,4.9167
286,47,1920,1080,3,4,1,2.9569
287,47,1920,1080,3,5,0,1.8
288,48,1920,1080,1,0,1,3.254
289,48,1920,1080,1,1,0,1.8827
290,48,1920,1080,1,2,1,3.1378
291,48,1920,1080,2,3,1,3.0857
292,48,2560,1440,4,4,1,4.2241
293,48,2560,1440,4,5,0,2.7494
294,49,2560,1440,1,0,1,4.5538
295,49,2560,1440,1,1,0,2.9416
296,49,2560,1440,1,2,1,3.6998
297,49,2560,1440,2,3,1,3.7664
298,49,3840,2160,3,4,1,6.8287
299,49,3840,2160,3,5,0,3.7564
300,50,3840,2160,1,0,1,5.3393
301,50,3840,2160,1,1,0,3.6363
302,50,3840,2160,1,2,1,4.538
303,50,3840,2160,2,3,1,4.2743
304,50,1920,1080,4,4,1,9.335
305,50,1920,1080,4,5,0,1.6544
306,51,1920,1080,1,0,1,4.1533
307,51,1920,1080,1,1,0,2.1429
308,51,1920,1080,1,2,1,2.4587
309,51,1920,1080,2,3,1,2.5246
310,51,2560,1440,3,4,1,5.615
311,51,2560,1440,3,5,0,2.6259
312,52,2560,1440,1,0,1,4.2536
313,52,2560,1440,1,1,0,2.5595
314,52,2560,1440,1,2,1,3.6423
315,52,2560,1440,2,3,1,3.703
316,52,3840,2160,4,4,1,12.1452
317,52,3840,2160,4,5,0,3.02
318,53,3840,2160,1,0,1,5.0683
319,53,3840,2160,1,1,0,3.6947
320,53,3840,2160,1,2,1,4.7696
321,53,3840,2160,2,3,1,4.647
322,53,1920,1080,3,4,1,3.7674
323,53,1920,1080,3,5,0,1.8316
324,54,1920,1080,1,0,1,3.3822
325,54,1920,1080,1,1,0,1.9012
326,54,1920,1080,1,2,1,2.3483
327,54,1920,1080,2,3,1,2.382
328,54,2560,1440,4,4,1,37.2035
329,54,2560,1440,4,5,0,2.6403
330,55,2560,1440,1,0,1,4.7291
331,55,2560,1440,1,1,0,2.9612
332,55,2560,1440,1,2,1,3.9054
333,55,2560,1440,2,3,1,3.8503
334,55,3840,2160,3,4,1,13.9884
335,55,3840,2160,3,5,0,2.9102
336,56,3840,2160,1,0,1,9.7388
337,56,3840,2160,1,1,0,3.1546
338,56,3840,2160,1,2,1,4.221
339,56,3840,2160,2,3,1,4.168
340,56,1920,1080,4,4,1,3.951
341,56,1920,1080,4,5,0,1.7079
342,57,1920,1080,1,0,1,2.4972
343,57,1920,1080,1,1,0,1.9248
344,57,1920,1080,1,2,1,6.9553
345,57,1920,1080,2,3,1,3.1681
346,57,2560,1440,3,4,1,4.7891
347,57,2560,1440,3,5,0,2.6368
348,58,2560,1440,1,0,1,8.3747
349,58,2560,1440,1,1,0,2.5933
350,58,2560,1440,1,2,1,3.8288
351,58,2560,1440,2,3,1,3.8146
352,58,3840,2160,4,4,1,8.013
353,58,3840,2160,4,5,0,2.7942
354,59,3840,2160,1,0,1,5.9854
355,59,3840,2160,1,1,0,3.0139
356,59,3840,2160,1,2,1,4.5504
357,59,3840,2160,2,3,1,5.4654
358,59,1920,1080,3,4,1,4.6773
359,59,1920,1080,3,5,0,2.0936
360,60,1920,1080,1,0,1,2.737
361,60,1920,1080,1,1,0,2.1315
362,60,1920,1080,1,2,1,2.3503
363,60,1920,1080,2,3,1,2.5347
364,60,2560,1440,4,4,1,7.6701
365,60,2560,1440,4,5,0,2.4961
366,61,2560,1440,1,0,1,6.4065
367,61,2560,1440,1,1,0,2.6927
368,61,2560,1440,1,2,1,3.7327
369,61,2560,1440,2,3,1,3.7866
370,61,3840,2160,3,4,1,6.6782
371,61,3840,2160,3,5,0,3.332
372,62,3840,2160,1,0,1,6.306
373,62,3840,2160,1,1,0,2.8052
374,62,3840,2160,1,2,1,4.5596
375,62,3840,2160,2,3,1,5.8114
376,62,1920,1080,4,4,1,11.0601
377,62,1920,1080,4,5,0,1.7541
378,63,1920,1080,1,0,1,2.6789
379,63,1920,1080,1,1,0,1.8859
380,63,1920,1080,1,2,1,2.3962
381,63,1920,1080,2,3,1,2.414
382,63,2560,1440,3,4,1,4.3564
383,63,2560,1440,3,5,0,2.6993
384,64,2560,1440,1,0,1,4.7607
385,64,2560,1440,1,1,0,2.6925
386,64,2560,1440,1,2,1,3.7314
387,64,2560,1440,2,3,1,3.7638
388,64,3840,2160,4,4,1,6.8277
389,64,3840,2160,4,5,0,8.3596
390,65,3840,2160,1,0,1,5.7881
391,65,3840,2160,1,1,0,3.5849
392,65,3840,2160,1,2,1,4.5529
393,65,3840,2160,2,3,1,4.5882
394,65,1920,1080,3,4,1,11.3297
395,65,1920,1080,3,5,0,2.8994
396,66,1920,1080,1,0,1,3.2146
397,66,1920,1080,1,1,0,1.9753
398,66,1920,1080,1,2,1,2.4154
399,66,1920,1080,2,3,1,2.4016
400,66,2560,1440,4,4,1,12.779
401,66,2560,1440,4,5,0,2.5551
402,67,2560,1440,1,0,1,3.9154
403,67,2560,1440,1,1,0,2.3958
404,67,2560,1440,1,2,1,3.689
405,67,2560,1440,2,3,1,3.7713
406,67,3840,2160,3,4,1,5.9212
407,67,3840,2160,3,5,0,2.8022
408,68,3840,2160,1,0,1,6.236
409,68,3840,2160,1,1,0,2.9566
410,68,3840,2160,1,2,1,5.0668
411,68,3840,2160,2,3,1,4.9343
412,68,1920,1080,4,4,1,3.4813
413,68,1920,1080,4,5,0,1.9502
414,69,1920,1080,1,0,1,2.6688
415,69,1920,1080,1,1,0,1.6764
416,69,1920,1080,1,2,1,3.315
417,69,1920,1080,2,3,1,3.1515
418,69,2560,1440,3,4,1,4.2519
419,69,2560,1440,3,5,0,2.4805
420,70,2560,1440,1,0,1,4.4555
421,70,2560,1440,1,1,0,2.5217
422,70,2560,1440,1,2,1,4.4676
423,70,2560,1440,2,3,1,4.1996
424,70,3840,2160,4,4,1,5.0222
425,70,3840,2160,4,5,0,3.4526
426,71,3840,2160,1,0,1,5.3204
427,71,3840,2160,1,1,0,3.2577
428,71,3840,2160,1,2,1,4.8886
429,71,3840,2160,2,3,1,5.0429
430,71,1920,1080,3,4,1,5.9562
431,71,1920,1080,3,5,0,4.1907
432,72,1920,1080,1,0,1,6.6232
433,72,1920,1080,1,1,0,1.8414
434,72,1920,1080,1,2,1,3.0313
435,72,1920,1080,2,3,1,2.325
436,72,2560,1440,4,4,1,10.7923
437,72,2560,1440,4,5,0,2.3254
438,73,2560,1440,1,0,1,5.7493
439,73,2560,1440,1,1,0,2.6386
440,73,2560,1440,1,2,1,3.7874
441,73,2560,1440,2,3,1,3.7353
442,73,3840,2160,3,4,1,13.3568
443,73,3840,2160,3,5,0,4.3268
444,74,3840,2160,1,0,1,8.4544
445,74,3840,2160,1,1,0,3.1362
446,74,3840,2160,1,2,1,4.6319
447,74,3840,2160,2,3,1,4.3611
448,74,1920,1080,4,4,1,8.2559
449,74,1920,1080,4,5,0,1.53
450,75,1920,1080,1,0,1,5.1454
451,75,1920,1080,1,1,0,1.6558
452,75,1920,1080,1,2,1,2.3904
453,75,1920,1080,2,3,1,2.4178
454,75,2560,1440,3,4,1,8.6017
455,75,2560,1440,3,5,0,2.4758
456,76,2560,1440,1,0,1,12.9995
457,76,2560,1440,1,1,0,2.7171
458,76,2560,1440,1,2,1,3.7189
459,76,2560,1440,2,3,1,3.7672
460,76,3840,2160,4,4,1,27.1573
461,76,3840,2160,4,5,0,3.0754
462,77,3840,2160,1,0,1,4.7593
463,77,3840,2160,1,1,0,5.1052
464,77,3840,2160,1,2,1,4.7314
465,77,3840,2160,2,3,1,6.0059
466,77,1920,1080,3,4,1,5.121
467,77,1920,1080,3,5,0,1.8151
468,78,1920,1080,1,0,1,2.4992
469,78,1920,1080,1,1,0,1.5994
470,78,1920,1080,1,2,1,2.3517
471,78,1920,1080,2,3,1,2.3422
472,78,2560,1440,4,4,1,7.352
473,78,2560,1440,4,5,0,2.5751
474,79,2560,1440,1,0,1,29.2177
475,79,2560,1440,1,1,0,2.6624
476,79,2560,1440,1,2,1,4.2061
477,79,2560,1440,2,3,1,3.644
478,79,3840,2160,3,4,1,5.465
479,79,3840,2160,3,5,0,3.1147
480,80,3840,2160,1,0,1,6.9591
481,80,3840,2160,1,1,0,2.9968
482,80,3840,2160,1,2,1,4.5835
483,80,3840,2160,2,3,1,4.4578
484,80,1920,1080,4,4,1,15.3605
485,80,1920,1080,4,5,0,2.187
486,81,1920,1080,1,0,1,3.0938
487,81,1920,1080,1,1,0,1.6051
488,81,1920,1080,1,2,1,2.6056
489,81,1920,1080,2,3,1,2.2643
490,81,2560,1440,3,4,1,5.8872
491,81,2560,1440,3,5,0,2.2784
492,82,2560,1440,1,0,1,4.251
493,82,2560,1440,1,1,0,2.4548
494,82,2560,1440,1,2,1,3.7501
495,82,2560,1440,2,3,1,3.6822
496,82,3840,2160,4,4,1,26.1172
497,82,3840,2160,4,5,0,3.1736
498,83,3840,2160,1,0,1,17.879
499,83,3840,2160,1,1,0,4.7651
500,83,3840,2160,1,2,1,4.708
501,83,3840,2160,2,3,1,4.8436
502,83,1920,1080,3,4,1,3.4458
503,83,1920,1080,3,5,0,1.9032
504,84,1920,1080,1,0,1,2.5723
505,84,1920,1080,1,1,0,1.5858
506,84,1920,1080,1,2,1,2.5558
507,84,1920,1080,2,3,1,2.3389
508,84,2560,1440,4,4,1,4.6175
509,84,2560,1440,4,5,0,2.657
510,85,2560,1440,1,0,1,3.9916
511,85,2560,1440,1,1,0,2.3126
512,85,2560,1440,1,2,1,5.2925
513,85,2560,1440,2,3,1,3.5609
514,85,3840,2160,3,4,1,4.8919
515,85,3840,2160,3,5,0,2.6644
516,86,3840,2160,1,0,1,4.8044
517,86,3840,2160,1,1,0,3.0742
518,86,3840,2160,1,2,1,4.0867
519,86,3840,2160,2,3,1,4.1006
520,86,1920,1080,4,4,1,23.5551
521,86,1920,1080,4,5,0,1.5711
522,87,1920,1080,1,0,1,2.6244
523,87,1920,1080,1,1,0,2.9831
524,87,1920,1080,1,2,1,3.0416
525,87,1920,1080,2,3,1,3.0892
526,87,2560,1440,3,4,1,4.6513
527,87,2560,1440,3,5,0,2.6431
528,88,2560,1440,1,0,1,4.435
529,88,2560,1440,1,1,0,2.5656
530,88,2560,1440,1,2,1,4.4782
531,88,2560,1440,2,3,1,3.679
532,88,3840,2160,4,4,1,6.2759
533,88,3840,2160,4,5,0,3.2731
534,89,3840,2160,1,0,1,6.3884
535,89,3840,2160,1,1,0,3.1042
536,89,3840,2160,1,2,1,4.9889
537,89,3840,2160,2,3,1,4.4626
538,89,1920,1080,3,4,1,3.4074
539,89,1920,1080,3,5,0,1.8145
540,90,1920,1080,1,0,1,2.9881
541,90,1920,1080,1,1,0,1.8938
542,90,1920,1080,1,2,1,2.4984
543,90,1920,1080,2,3,1,2.4845
544,90,2560,1440,4,4,1,8.2802
545,90,2560,1440,4,5,0,2.5986
546,91,2560,1440,1,0,1,5.3556
547,91,2560,1440,1,1,0,2.6526
548,91,2560,1440,1,2,1,3.8378
549,91,2560,1440,2,3,1,3.6724
550,91,3840,2160,3,4,1,10.1478
551,91,3840,2160,3,5,0,3.5483
552,92,3840,2160,1,0,1,5.6343
553,92,3840,2160,1,1,0,3.2923
554,92,3840,2160,1,2,1,5.5178
555,92,3840,2160,2,3,1,4.8938
556,92,1920,1080,4,4,1,5.2702
557,92,1920,1080,4,5,0,1.7498
558,93,1920,1080,1,0,1,3.9166
559,93,1920,1080,1,1,0,2.2481
560,93,1920,1080,1,2,1,2.7007
561,93,1920,1080,2,3,1,2.4059
562,93,2560,1440,3,4,1,4.7661
563,93,2560,1440,3,5,0,2.3663
564,94,2560,1440,1,0,1,4.7925
565,94,2560,1440,1,1,0,2.6094
566,94,2560,1440,1,2,1,3.8487
567,94,2560,1440,2,3,1,3.8049
568,94,3840,2160,4,4,1,5.6051
569,94,3840,2160,4,5,0,3.7834
570,95,3840,2160,1,0,1,6.2087
571,95,3840,2160,1,1,0,3.549
572,95,3840,2160,1,2,1,4.7179
573,95,3840,2160,2,3,1,4.5298
574,95,1920,1080,3,4,1,5.718
575,95,1920,1080,3,5,0,1.5672
576,96,1920,1080,1,0,1,7.8479
577,96,1920,1080,1,1,0,1.9871
578,96,1920,1080,1,2,1,2.4075
579,96,1920,1080,2,3,1,2.5295
580,96,2560,1440,4,4,1,4.4446
581,96,2560,1440,4,5,0,2.3483
582,97,2560,1440,1,0,1,4.8815
583,97,2560,1440,1,1,0,2.614
584,97,2560,1440,1,2,1,3.6717
585,97,2560,1440,2,3,1,3.8632
586,97,3840,2160,3,4,1,6.4406
587,97,3840,2160,3,5,0,9.7968
588,98,3840,2160,1,0,1,6.2629
589,98,3840,2160,1,1,0,3.0119
590,98,3840,2160,1,2,1,5.2182
591,98,3840,2160,2,3,1,4.5183
592,98,1920,1080,4,4,1,3.4543
593,98,1920,1080,4,5,0,1.8383
594,99,1920,1080,1,0,1,2.4644
595,99,1920,1080,1,1,0,2.0444
596,99,1920,1080,1,2,1,2.4383
597,99,1920,1080,2,3,1,2.406
598,99,2560,1440,3,4,1,4.6307
599,99,2560,1440,3,5,0,2.4035
