timestamp, utilization.gpu [%], utilization.encoder [%], utilization.decoder [%], power.draw [W]
2026/09/30 20:47:14.158, 34 %, 32 %, 0 %, 37.90 W
2026/09/30 20:47:15.183, 10 %, 20 %, 0 %, 50.50 W
2026/09/30 20:47:16.226, 10 %, 20 %, 0 %, 72.68 W
2026/09/30 20:47:17.242, 10 %, 20 %, 0 %, 72.18 W
2026/09/30 20:47:18.260, 10 %, 20 %, 0 %, 72.50 W
2026/09/30 20:47:19.287, 10 %, 20 %, 0 %, 72.16 W
2026/09/30 20:47:20.302, 10 %, 20 %, 0 %, 72.23 W
2026/09/30 20:47:21.317, 16 %, 26 %, 0 %, 67.58 W
2026/09/30 20:47:22.337, 19 %, 26 %, 0 %, 46.20 W
2026/09/30 20:47:23.364, 34 %, 37 %, 0 %, 41.39 W
2026/09/30 20:47:24.392, 34 %, 40 %, 0 %, 37.96 W
2026/09/30 20:47:25.408, 35 %, 38 %, 0 %, 37.99 W
2026/09/30 20:47:26.437, 34 %, 38 %, 0 %, 37.96 W
2026/09/30 20:47:27.448, 37 %, 38 %, 0 %, 38.30 W
2026/09/30 20:47:28.449, 56 %, 38 %, 0 %, 38.11 W
2026/09/30 20:47:29.460, 33 %, 34 %, 0 %, 38.29 W
2026/09/30 20:47:30.462, 35 %, 34 %, 0 %, 38.27 W
2026/09/30 20:47:31.473, 56 %, 38 %, 0 %, 37.72 W
2026/09/30 20:47:32.479, 32 %, 34 %, 0 %, 38.12 W
2026/09/30 20:47:33.489, 34 %, 35 %, 0 %, 38.20 W
2026/09/30 20:47:34.491, 35 %, 35 %, 0 %, 38.09 W
2026/09/30 20:47:35.504, 33 %, 39 %, 0 %, 38.35 W
2026/09/30 20:47:36.519, 32 %, 38 %, 0 %, 37.98 W
2026/09/30 20:47:37.521, 33 %, 31 %, 0 %, 38.31 W
2026/09/30 20:47:38.524, 32 %, 38 %, 0 %, 38.69 W
2026/09/30 20:47:39.540, 50 %, 32 %, 0 %, 38.21 W
2026/09/30 20:47:40.555, 31 %, 33 %, 0 %, 38.46 W
2026/09/30 20:47:41.568, 34 %, 32 %, 0 %, 38.45 W
2026/09/30 20:47:42.569, 30 %, 31 %, 0 %, 38.30 W
2026/09/30 20:47:43.583, 34 %, 34 %, 0 %, 38.49 W
2026/09/30 20:47:44.596, 53 %, 31 %, 0 %, 38.09 W
2026/09/30 20:47:45.610, 34 %, 31 %, 0 %, 38.62 W
2026/09/30 20:47:46.622, 32 %, 33 %, 0 %, 38.61 W
2026/09/30 20:47:47.625, 32 %, 31 %, 0 %, 38.33 W
2026/09/30 20:47:48.640, 31 %, 32 %, 0 %, 38.81 W
2026/09/30 20:47:49.651, 34 %, 31 %, 0 %, 38.40 W
2026/09/30 20:47:50.654, 33 %, 36 %, 0 %, 38.49 W
2026/09/30 20:47:51.664, 34 %, 38 %, 0 %, 38.31 W
2026/09/30 20:47:52.668, 33 %, 38 %, 0 %, 38.06 W
2026/09/30 20:47:53.678, 35 %, 31 %, 0 %, 38.03 W
2026/09/30 20:47:54.694, 32 %, 31 %, 0 %, 38.35 W
2026/09/30 20:47:55.710, 31 %, 32 %, 0 %, 38.62 W
2026/09/30 20:47:56.726, 30 %, 32 %, 0 %, 38.47 W
2026/09/30 20:47:57.736, 34 %, 31 %, 0 %, 38.35 W
2026/09/30 20:47:58.746, 39 %, 0 %, 0 %, 33.63 W
2026/09/30 20:47:59.758, 43 %, 0 %, 0 %, 32.91 W
2026/09/30 20:48:00.759, 32 %, 35 %, 0 %, 34.79 W
2026/09/30 20:48:01.774, 33 %, 33 %, 0 %, 37.97 W
2026/09/30 20:48:02.790, 32 %, 36 %, 0 %, 38.30 W
2026/09/30 20:48:03.802, 33 %, 38 %, 0 %, 38.97 W
2026/09/30 20:48:04.813, 32 %, 30 %, 0 %, 38.56 W
2026/09/30 20:48:05.828, 40 %, 33 %, 0 %, 38.12 W
2026/09/30 20:48:06.844, 31 %, 32 %, 0 %, 38.08 W
2026/09/30 20:48:07.855, 38 %, 36 %, 0 %, 38.44 W
2026/09/30 20:48:08.868, 9 %, 20 %, 0 %, 62.39 W
2026/09/30 20:48:09.881, 10 %, 20 %, 0 %, 73.00 W
2026/09/30 20:48:10.894, 15 %, 26 %, 0 %, 51.65 W
2026/09/30 20:48:11.896, 19 %, 26 %, 0 %, 45.92 W
2026/09/30 20:48:12.911, 19 %, 27 %, 0 %, 45.90 W
2026/09/30 20:48:13.925, 31 %, 35 %, 0 %, 44.88 W
2026/09/30 20:48:14.941, 33 %, 32 %, 0 %, 38.64 W
2026/09/30 20:48:15.950, 33 %, 40 %, 0 %, 38.47 W
2026/09/30 20:48:16.953, 32 %, 33 %, 0 %, 38.36 W
2026/09/30 20:48:17.954, 35 %, 36 %, 0 %, 38.41 W
2026/09/30 20:48:18.970, 31 %, 36 %, 0 %, 38.44 W
2026/09/30 20:48:19.984, 34 %, 30 %, 0 %, 38.10 W
2026/09/30 20:48:20.997, 33 %, 34 %, 0 %, 37.79 W
2026/09/30 20:48:22.011, 37 %, 33 %, 0 %, 38.44 W
2026/09/30 20:48:23.026, 33 %, 36 %, 0 %, 38.82 W
2026/09/30 20:48:24.041, 34 %, 34 %, 0 %, 37.69 W
2026/09/30 20:48:25.055, 33 %, 32 %, 0 %, 37.69 W
2026/09/30 20:48:26.070, 31 %, 31 %, 0 %, 38.30 W
2026/09/30 20:48:27.086, 55 %, 35 %, 0 %, 37.97 W
2026/09/30 20:48:28.098, 33 %, 38 %, 0 %, 38.90 W
2026/09/30 20:48:29.116, 33 %, 35 %, 0 %, 38.72 W
2026/09/30 20:48:30.130, 34 %, 36 %, 0 %, 38.24 W
2026/09/30 20:48:31.142, 33 %, 36 %, 0 %, 37.86 W
2026/09/30 20:48:32.143, 34 %, 31 %, 0 %, 38.35 W
2026/09/30 20:48:33.153, 35 %, 31 %, 0 %, 37.73 W
2026/09/30 20:48:34.166, 33 %, 33 %, 0 %, 37.73 W
2026/09/30 20:48:35.169, 33 %, 34 %, 0 %, 38.23 W
2026/09/30 20:48:36.184, 54 %, 32 %, 0 %, 37.80 W
2026/09/30 20:48:37.198, 34 %, 40 %, 0 %, 37.97 W
2026/09/30 20:48:38.213, 35 %, 38 %, 0 %, 38.05 W
2026/09/30 20:48:39.226, 33 %, 33 %, 0 %, 37.24 W
2026/09/30 20:48:40.229, 33 %, 33 %, 0 %, 37.99 W
2026/09/30 20:48:41.241, 35 %, 31 %, 0 %, 38.27 W
2026/09/30 20:48:42.256, 32 %, 33 %, 0 %, 38.08 W
2026/09/30 20:48:43.269, 34 %, 36 %, 0 %, 38.53 W
2026/09/30 20:48:44.270, 34 %, 38 %, 0 %, 38.17 W
2026/09/30 20:48:45.285, 33 %, 39 %, 0 %, 38.30 W
2026/09/30 20:48:46.300, 23 %, 0 %, 0 %, 32.84 W
2026/09/30 20:48:47.302, 43 %, 0 %, 0 %, 31.64 W
2026/09/30 20:48:48.314, 35 %, 39 %, 0 %, 34.38 W
2026/09/30 20:48:49.328, 34 %, 38 %, 0 %, 37.19 W
2026/09/30 20:48:50.340, 32 %, 33 %, 0 %, 37.99 W
2026/09/30 20:48:51.351, 32 %, 31 %, 0 %, 38.17 W
2026/09/30 20:48:52.361, 33 %, 33 %, 0 %, 37.92 W
2026/09/30 20:48:53.377, 34 %, 31 %, 0 %, 38.04 W
2026/09/30 20:48:54.387, 34 %, 33 %, 0 %, 37.95 W
2026/09/30 20:48:55.403, 54 %, 38 %, 0 %, 37.84 W
2026/09/30 20:48:56.418, 33 %, 38 %, 0 %, 38.35 W
2026/09/30 20:48:57.420, 34 %, 38 %, 0 %, 38.17 W
2026/09/30 20:48:58.434, 33 %, 31 %, 0 %, 37.83 W
2026/09/30 20:48:59.446, 32 %, 34 %, 0 %, 38.40 W
2026/09/30 20:49:00.457, 34 %, 32 %, 0 %, 38.02 W
2026/09/30 20:49:01.471, 33 %, 34 %, 0 %, 38.61 W
2026/09/30 20:49:02.485, 35 %, 31 %, 0 %, 38.71 W
2026/09/30 20:49:03.501, 34 %, 34 %, 0 %, 37.74 W
2026/09/30 20:49:04.512, 33 %, 39 %, 0 %, 38.37 W
2026/09/30 20:49:05.520, 33 %, 39 %, 0 %, 38.88 W
2026/09/30 20:49:06.535, 32 %, 33 %, 0 %, 38.49 W
2026/09/30 20:49:07.550, 31 %, 35 %, 0 %, 39.01 W
2026/09/30 20:49:08.551, 9 %, 19 %, 0 %, 59.43 W
2026/09/30 20:49:09.564, 10 %, 20 %, 0 %, 73.06 W
2026/09/30 20:49:10.579, 15 %, 27 %, 0 %, 54.22 W
2026/09/30 20:49:11.592, 20 %, 26 %, 0 %, 46.07 W
2026/09/30 20:49:12.606, 17 %, 26 %, 0 %, 45.81 W
2026/09/30 20:49:13.620, 34 %, 38 %, 0 %, 40.76 W
2026/09/30 20:49:14.634, 33 %, 37 %, 0 %, 38.66 W
2026/09/30 20:49:15.647, 34 %, 39 %, 0 %, 38.67 W
2026/09/30 20:49:16.658, 32 %, 38 %, 0 %, 38.69 W
2026/09/30 20:49:17.673, 34 %, 38 %, 0 %, 38.78 W
2026/09/30 20:49:18.687, 33 %, 38 %, 0 %, 38.83 W
2026/09/30 20:49:19.700, 32 %, 38 %, 0 %, 38.58 W
2026/09/30 20:49:20.712, 31 %, 38 %, 0 %, 38.85 W
2026/09/30 20:49:21.727, 33 %, 38 %, 0 %, 39.21 W
2026/09/30 20:49:22.742, 33 %, 38 %, 0 %, 38.40 W
2026/09/30 20:49:23.755, 33 %, 38 %, 0 %, 38.12 W
2026/09/30 20:49:24.765, 31 %, 38 %, 0 %, 38.36 W
2026/09/30 20:49:25.769, 33 %, 34 %, 0 %, 38.17 W
2026/09/30 20:49:26.782, 32 %, 39 %, 0 %, 38.50 W
2026/09/30 20:49:27.796, 58 %, 39 %, 0 %, 38.23 W
2026/09/30 20:49:28.798, 31 %, 35 %, 0 %, 38.65 W
2026/09/30 20:49:29.813, 34 %, 31 %, 0 %, 38.93 W
2026/09/30 20:49:30.823, 32 %, 32 %, 0 %, 38.51 W
2026/09/30 20:49:31.838, 33 %, 32 %, 0 %, 39.15 W
2026/09/30 20:49:32.840, 25 %, 9 %, 0 %, 38.23 W
2026/09/30 20:49:33.852, 43 %, 0 %, 0 %, 32.59 W
2026/09/30 20:49:34.868, 41 %, 0 %, 0 %, 32.77 W
2026/09/30 20:49:35.879, 32 %, 32 %, 0 %, 36.34 W
2026/09/30 20:49:36.893, 32 %, 33 %, 0 %, 38.22 W
2026/09/30 20:49:37.908, 34 %, 39 %, 0 %, 38.61 W
2026/09/30 20:49:38.909, 31 %, 38 %, 0 %, 38.64 W
2026/09/30 20:49:39.924, 32 %, 34 %, 0 %, 38.16 W
2026/09/30 20:49:40.939, 31 %, 36 %, 0 %, 38.71 W
2026/09/30 20:49:41.952, 36 %, 33 %, 0 %, 38.80 W
2026/09/30 20:49:42.967, 31 %, 38 %, 0 %, 38.14 W
2026/09/30 20:49:43.979, 34 %, 39 %, 0 %, 38.46 W
2026/09/30 20:49:44.995, 33 %, 39 %, 0 %, 38.04 W
2026/09/30 20:49:46.007, 33 %, 36 %, 0 %, 38.61 W
2026/09/30 20:49:47.020, 32 %, 34 %, 0 %, 38.47 W
2026/09/30 20:49:48.022, 56 %, 40 %, 0 %, 37.91 W
2026/09/30 20:49:49.037, 33 %, 31 %, 0 %, 38.93 W
2026/09/30 20:49:50.050, 32 %, 32 %, 0 %, 38.12 W
2026/09/30 20:49:51.063, 39 %, 34 %, 0 %, 37.67 W
2026/09/30 20:49:52.076, 32 %, 35 %, 0 %, 38.35 W
2026/09/30 20:49:53.094, 34 %, 38 %, 0 %, 37.61 W
2026/09/30 20:49:54.096, 32 %, 39 %, 0 %, 37.81 W
2026/09/30 20:49:55.112, 34 %, 39 %, 0 %, 38.19 W
2026/09/30 20:49:56.126, 33 %, 38 %, 0 %, 38.24 W
2026/09/30 20:49:57.133, 33 %, 31 %, 0 %, 37.82 W
2026/09/30 20:49:58.148, 33 %, 35 %, 0 %, 38.43 W
2026/09/30 20:49:59.160, 34 %, 31 %, 0 %, 38.27 W
2026/09/30 20:50:00.177, 33 %, 39 %, 0 %, 38.23 W
2026/09/30 20:50:01.189, 33 %, 37 %, 0 %, 38.56 W
2026/09/30 20:50:02.201, 35 %, 39 %, 0 %, 38.34 W
2026/09/30 20:50:03.215, 32 %, 33 %, 0 %, 38.65 W
2026/09/30 20:50:04.216, 32 %, 32 %, 0 %, 38.74 W
2026/09/30 20:50:05.219, 52 %, 40 %, 0 %, 37.91 W
2026/09/30 20:50:06.230, 34 %, 34 %, 0 %, 38.16 W
2026/09/30 20:50:07.232, 35 %, 36 %, 0 %, 38.08 W
2026/09/30 20:50:08.235, 75 %, 31 %, 0 %, 38.00 W
2026/09/30 20:50:09.237, 10 %, 20 %, 0 %, 66.70 W
2026/09/30 20:50:10.251, 15 %, 26 %, 0 %, 70.48 W
2026/09/30 20:50:11.263, 18 %, 27 %, 0 %, 47.13 W
2026/09/30 20:50:12.275, 20 %, 26 %, 0 %, 46.03 W
2026/09/30 20:50:13.276, 20 %, 26 %, 0 %, 45.69 W
2026/09/30 20:50:14.291, 19 %, 26 %, 0 %, 45.94 W
2026/09/30 20:50:15.305, 19 %, 26 %, 0 %, 45.81 W
2026/09/30 20:50:16.319, 33 %, 37 %, 0 %, 39.28 W
2026/09/30 20:50:17.332, 34 %, 39 %, 0 %, 38.21 W
2026/09/30 20:50:18.344, 34 %, 39 %, 0 %, 38.19 W
2026/09/30 20:50:19.348, 34 %, 38 %, 0 %, 38.19 W
2026/09/30 20:50:20.360, 41 %, 0 %, 0 %, 37.86 W
2026/09/30 20:50:21.374, 44 %, 0 %, 0 %, 33.26 W
2026/09/30 20:50:22.389, 44 %, 0 %, 0 %, 33.19 W
2026/09/30 20:50:23.405, 44 %, 0 %, 0 %, 33.26 W
2026/09/30 20:50:24.419, 43 %, 0 %, 0 %, 33.35 W
2026/09/30 20:50:25.431, 44 %, 0 %, 0 %, 33.15 W
2026/09/30 20:50:26.433, 43 %, 0 %, 0 %, 32.94 W
2026/09/30 20:50:27.449, 43 %, 0 %, 0 %, 32.53 W
2026/09/30 20:50:28.461, 44 %, 0 %, 0 %, 33.03 W
