frame,wait_ms,cpu_submit_ms,present_call_ms,submit_interval_ms
0,0.0837,0.0064,1.2222,0
1,0.0036,0.0009,0.2437,0.2792
2,1.8447,0.0027,0.1538,2.0081
3,16.6141,0.0049,0.0476,16.6761
4,16.4755,0.0093,0.0496,16.5497
5,16.6063,0.0049,0.0496,16.6731
6,16.6281,0.0047,0.0471,16.6931
7,16.5406,0.0059,0.0545,16.6516
8,16.5867,0.0044,0.0465,16.6515
9,16.6159,0.0047,0.0964,16.7295
10,16.5683,0.0055,0.0497,16.6381
11,16.5732,0.0043,0.0443,16.6354
12,16.5836,0.0049,0.0452,16.6468
13,16.6296,0.0054,0.0499,16.6979
14,16.5788,0.03,0.0506,16.6733
15,16.5667,0.004,0.0435,16.6269
16,16.6524,0.0045,0.1078,16.7774
17,16.4435,0.0051,0.0464,16.5495
18,16.5952,0.0047,0.0447,16.658
19,16.6341,0.006,0.0532,16.7071
20,16.604,0.0058,0.0573,16.6902
21,16.5298,0.0082,0.0442,16.5979
22,16.6078,0.005,0.0475,16.6723
23,16.6124,0.005,0.0482,16.678
24,16.5915,0.0048,0.0735,16.6827
25,16.6122,0.0053,0.0539,16.6852
26,16.6108,0.005,0.0466,16.6763
27,16.5466,0.0038,0.0526,16.6153
28,16.6105,0.0044,0.0533,16.7029
29,16.6154,0.0047,0.047,16.6803
30,16.5627,0.0058,0.0526,16.6347
31,16.6158,0.0052,0.1065,16.7408
32,16.5117,0.0053,0.0445,16.5767
33,16.6459,0.0137,0.0406,16.7138
34,16.6454,0.0024,0.034,16.6926
35,16.5323,0.0043,0.0457,16.592
36,16.7715,0.0041,0.0405,16.8282
37,16.5859,0.0047,0.0431,16.6519
38,16.5268,0.003,0.0552,16.5975
39,16.506,0.0024,0.0421,16.561
40,16.701,0.0026,0.036,16.7497
41,16.5498,0.0042,0.1144,16.6793
42,16.4042,0.0039,0.0402,16.5551
43,16.6873,0.0028,0.1956,16.8981
44,16.5005,0.0031,0.0347,16.5511
45,16.5286,0.0031,0.0744,16.616
46,16.5672,0.0033,0.0688,16.6496
47,16.6005,0.0043,0.0469,16.6628
48,16.6899,0.0034,0.0474,16.7522
49,16.5715,0.0026,0.0315,16.6164
50,16.558,0.0026,0.0327,16.6034
51,16.7062,0.0026,0.0382,16.7566
52,16.5035,0.0027,0.0421,16.5579
53,16.6085,0.0026,0.0387,16.6716
54,16.6082,0.0024,0.0337,16.6534
55,16.7163,0.0036,0.1741,16.9035
56,16.4496,0.0037,0.1282,16.5924
57,16.4529,0.0039,0.0507,16.5546
58,16.5951,0.0029,0.0381,16.6479
59,16.6959,0.0031,0.0611,16.7704
60,16.4965,0.0024,0.0397,16.5602
61,16.6193,0.0029,0.0622,16.6934
62,16.6791,0.0549,0.1268,16.8711
63,16.397,0.0055,0.0956,16.5077
64,16.544,0.0039,0.0487,16.6122
65,16.5988,0.0047,0.0936,16.7167
66,16.531,0.0048,0.0448,16.5938
67,16.6179,0.0034,0.04,16.673
68,16.6732,0.0059,0.2441,16.9413
69,16.4905,0.0045,0.5544,17.0634
70,15.9636,0.0042,0.2162,16.1973
71,16.6567,0.0046,0.1178,16.791
72,16.2888,0.0045,0.2089,16.5143
73,16.4346,0.0038,0.0398,16.4898
74,16.6437,0.0052,0.0505,16.711
75,16.5289,0.0041,0.041,16.5871
76,16.6081,0.0042,0.0443,16.6675
77,16.6121,0.0044,0.0462,16.6758
78,16.5986,0.0046,0.0445,16.6594
79,16.6194,0.0048,0.05,16.6864
80,16.61,0.0055,0.0529,16.682
81,16.5766,0.0046,0.0444,16.6394
82,16.6449,0.0053,0.0565,16.7186
83,16.5623,0.0051,0.0478,16.6279
84,16.6033,0.0047,0.0495,16.6689
85,16.6522,0.0066,0.2844,16.9563
86,16.3152,0.0063,0.0611,16.4152
87,16.5878,0.0058,0.0573,16.6676
88,16.5636,0.0053,0.0522,16.6348
89,16.5775,0.0052,0.0499,16.6466
90,16.5963,0.0046,0.0475,16.6622
91,16.6805,0.0052,0.0948,16.7938
92,16.5347,0.0053,0.0488,16.6023
93,16.5111,0.003,0.0366,16.5638
94,16.7481,0.022,0.1481,16.9282
95,16.4555,0.003,0.0435,16.5261
96,16.5535,0.0059,0.0512,16.6228
97,16.5551,0.0042,0.0474,16.6197
98,16.5913,0.0037,0.0405,16.6477
99,16.6015,0.0026,0.037,16.6524
100,16.726,0.003,0.1,16.8393
101,16.5515,0.003,0.0393,16.604
102,16.51,0.0029,0.0357,16.5581
103,16.8572,0.0111,0.216,17.0947
104,16.2911,0.0034,0.0368,16.3436
105,16.5032,0.0026,0.0342,16.5515
106,16.7809,0.0033,0.0399,16.8336
107,16.5137,0.0031,0.038,16.5658
108,16.5699,0.0037,0.0588,16.6426
109,16.6374,0.0034,0.0881,16.7404
110,16.562,0.0027,0.0321,16.6072
111,16.6712,0.0027,0.0961,16.7789
112,16.4417,0.0023,0.0336,16.4876
113,16.6191,0.0024,0.0313,16.6636
114,16.774,0.0023,0.0435,16.8284
115,16.566,0.0022,0.0457,16.6228
116,16.5129,0.0032,0.0365,16.5614
117,16.7273,0.0025,0.0571,16.7966
118,16.6094,0.0025,0.0406,16.662
119,16.5049,0.0028,0.0397,16.5572
120,16.8586,0.0027,0.0357,16.9066
121,16.492,0.0033,0.0622,16.5663
122,16.457,0.0024,0.0314,16.5108
123,16.7418,0.0224,0.109,16.8817
124,16.3239,0.0039,0.0425,16.504
125,16.599,0.0042,0.0847,16.6994
126,16.6392,0.0047,0.255,16.9098
127,16.3298,0.0038,0.0424,16.3877
128,16.7446,0.0048,0.0418,16.8022
129,16.4904,0.0044,0.3872,16.8936
130,16.3888,0.017,0.042,16.4601
131,16.5025,0.004,0.0478,16.5665
132,16.5586,0.0037,0.0426,16.6166
133,16.5874,0.0036,0.0863,16.6891
134,16.7132,0.0043,0.0424,16.7719
135,16.5033,0.0168,0.0626,16.5944
136,16.5089,0.0108,0.0464,16.5799
137,16.5879,0.0038,0.0407,16.646
138,16.6433,0.006,0.0507,16.7113
139,16.5874,0.0049,0.0476,16.6539
140,16.6177,0.0045,0.0915,16.7273
141,16.5287,0.0045,0.0535,16.5992
142,16.6369,0.0039,0.0867,16.7422
143,16.5283,0.0042,0.0405,16.5869
144,16.6217,0.0055,0.0563,16.6956
145,16.5759,0.0202,0.0411,16.651
146,16.6517,0.004,0.0985,16.7653
147,16.4789,0.0029,0.0335,16.5271
148,16.8073,0.0029,0.0723,16.8931
149,16.4001,0.0026,0.0869,16.4996
150,16.5501,0.0022,0.0333,16.5952
151,16.7459,0.0028,0.0872,16.8454
152,16.5656,0.0029,0.0735,16.6522
153,16.4591,0.0029,0.0361,16.5085
154,16.6547,0.0023,0.0423,16.7093
155,16.5741,0.0041,0.0416,16.6402
156,16.6144,0.0039,0.0506,16.68
157,16.6444,0.0036,0.0841,16.7438
158,16.5106,0.0032,0.0458,16.5713
159,16.715,0.0062,0.0699,16.8025
160,16.5073,0.0049,0.0692,16.5912
161,16.5406,0.003,0.0384,16.5942
162,16.8004,0.0035,0.0377,16.8525
163,16.5369,0.0036,0.0412,16.5923
164,16.5936,0.0029,0.1316,16.7397
165,16.5551,0.0024,0.039,16.6141
166,16.4739,0.0021,0.0389,16.5235
167,16.8608,0.0048,0.0479,16.9335
168,16.4977,0.0039,0.043,16.5572
169,16.4768,0.0041,0.0537,16.5466
170,16.6064,0.003,0.0532,16.6752
171,16.6821,0.0032,0.0475,16.7443
172,16.583,0.0036,0.0524,16.65
173,16.687,0.006,0.0721,16.7775
174,16.4732,0.0037,0.0601,16.5503
175,16.62,0.0051,0.1028,16.739
176,16.9561,0.0053,0.1042,17.0794
177,16.1151,0.0056,0.0868,16.3356
178,16.5516,0.0046,0.0539,16.6235
179,16.5757,0.0053,0.0464,16.6403
180,16.7054,0.0052,0.0504,16.7969
181,16.4722,0.0044,0.0459,16.5357
182,16.6042,0.005,0.0509,16.6724
183,16.6066,0.0036,0.058,16.6814
184,16.5846,0.0032,0.0406,16.6404
185,16.6257,0.0057,0.0524,16.6952
186,16.3928,0.0047,0.0428,16.4537
187,16.6707,0.005,0.051,16.7384
188,16.512,0.0058,0.0541,16.782
189,16.6106,0.0061,0.0543,16.6838
190,16.5927,0.0043,0.047,16.6575
191,16.6002,0.0052,0.0892,16.7076
192,16.4382,0.0044,0.0452,16.5019
193,16.7494,0.0054,0.0542,16.8213
194,16.575,0.0065,0.0589,16.654
195,16.583,0.005,0.0519,16.6539
196,16.5899,0.0053,0.0526,16.6617
197,16.5902,0.0049,0.0458,16.6553
198,16.4976,0.0053,0.0988,16.6144
199,16.65,0.0088,0.0447,16.7166
200,16.6183,0.0074,0.0873,16.726
201,16.5679,0.0041,0.0426,16.628
202,16.5699,0.0044,0.0569,16.6429
203,16.6002,0.005,0.0497,16.6675
204,16.5757,0.0026,0.035,16.6278
205,16.5858,0.0029,0.0505,16.649
206,16.7294,0.0026,0.0321,16.7731
207,16.6631,0.0042,0.0643,16.7412
208,16.4734,0.0042,0.0413,16.5321
209,16.6511,0.0043,0.0526,16.7197
210,16.4661,0.025,0.0864,16.5889
211,16.6004,0.0032,0.0365,16.651
212,16.611,0.0026,0.0413,16.6675
213,16.6255,0.0021,0.0352,16.6884
214,16.581,0.0023,0.0372,16.6301
215,16.5915,0.0023,0.0312,16.6888
216,16.6139,0.0029,0.0568,16.6826
217,16.611,0.0022,0.0649,16.6878
218,16.6301,0.0023,0.0416,16.6827
219,16.4625,0.0036,0.1404,16.6265
220,16.5822,0.0027,0.0486,16.6459
221,16.7125,0.0027,0.0677,16.8049
222,16.3331,0.0032,0.0367,16.3817
223,16.8176,0.0032,0.0708,16.9022
224,16.537,0.0024,0.0335,16.5833
225,16.6136,0.0024,0.0324,16.6577
226,16.6211,0.0025,0.0457,16.6787
227,16.5819,0.0023,0.0501,16.6522
228,16.6056,0.0023,0.0396,16.6562
229,16.633,0.0025,0.0318,16.6766
230,16.602,0.0023,0.0408,16.6546
231,16.6058,0.002,0.0306,16.6576
232,16.6468,0.0022,0.05,16.7076
233,16.6228,0.0023,0.0691,16.7161
234,16.4221,0.0048,0.1064,16.5421
235,16.7222,0.0048,0.0448,16.7844
236,16.6385,0.0046,0.0997,16.7547
237,16.504,0.0046,0.0481,16.5696
238,16.5815,0.004,0.0515,16.6496
239,16.4435,0.0043,0.0684,16.5282
240,16.7457,0.0042,0.0792,16.8415
241,16.5623,0.0069,0.0505,16.6324
242,16.5941,0.0039,0.0439,16.6537
243,16.597,0.0039,0.0764,16.6898
244,16.5884,0.0037,0.0427,16.6461
245,16.6,0.0037,0.0516,16.6669
246,16.4481,0.0154,0.0442,16.5196
247,16.6632,0.0032,0.0516,16.805
248,16.6029,0.0031,0.0376,16.654
249,16.6325,0.0043,0.0548,16.702
250,16.5265,0.0035,0.0427,16.6426
251,16.5278,0.0043,0.044,16.5869
252,16.6713,0.0038,0.044,16.7314
253,16.8945,0.0041,0.0438,16.9542
254,16.3921,0.0033,0.086,16.4934
255,16.5288,0.0037,0.039,16.5844
256,16.6833,0.0043,0.0913,16.7898
257,16.4684,0.0042,0.081,16.565
258,16.474,0.0049,0.049,16.5391
259,16.7544,0.0052,0.0513,16.8231
260,16.6141,0.0043,0.0443,16.6752
261,16.501,0.0047,0.056,16.5751
262,16.7148,0.0027,0.0414,16.7724
263,16.4647,0.0019,0.0381,16.5148
264,16.6057,0.0022,0.0445,16.6722
265,16.625,0.0114,0.0855,16.7301
266,16.5694,0.0018,0.0298,16.6093
267,16.6248,0.0021,0.0587,16.6938
268,16.6137,0.0027,0.0368,16.662
269,16.6114,0.0028,0.0501,16.6742
270,16.5114,0.0029,0.0595,16.5946
271,16.6525,0.0026,0.0601,16.7247
272,16.6015,0.0031,0.0345,16.6485
273,16.6318,0.0032,0.0455,16.6902
274,16.6099,0.0026,0.0387,16.6614
275,16.5857,0.0026,0.0427,16.648
276,16.6002,0.0025,0.0547,16.6784
277,16.6139,0.0025,0.0395,16.6658
278,16.5871,0.0061,0.0364,16.6441
279,16.6162,0.0021,0.031,16.6579
280,16.6406,0.0026,0.0341,16.6861
281,16.7237,0.0022,0.0476,16.7827
282,16.3434,0.0074,0.0562,16.4166
283,16.7706,0.0022,0.0313,16.8205
284,16.5795,0.0025,0.1194,16.7094
285,16.5894,0.0038,0.0513,16.6545
286,16.6181,0.0025,0.1584,16.7908
287,16.449,0.0032,0.0436,16.5056
288,16.6046,0.0022,0.0392,16.6561
289,16.6365,0.0023,0.0569,16.7063
290,16.5373,0.0025,0.0591,16.6187
291,16.6684,0.0047,0.0398,16.7482
292,16.6567,0.004,0.0769,16.7491
293,16.5525,0.0039,0.0403,16.6081
294,16.5616,0.0038,0.0462,16.6225
295,16.6085,0.0039,0.0393,16.6626
296,16.738,0.0035,0.084,16.8369
297,16.4385,0.0029,0.0353,16.4889
298,16.621,0.0048,0.0485,16.6842
299,16.5605,0.0044,0.1773,16.7545
300,16.4682,0.0038,0.0404,16.5239
301,16.6083,0.0039,0.041,16.6636
302,16.6366,0.0034,0.0386,16.6889
303,16.6107,0.0038,0.0513,16.6762
304,16.5791,0.0033,0.0975,16.6917
305,16.5537,0.0034,0.0486,16.6179
306,16.6461,0.0037,0.0423,16.703
307,16.6137,0.0038,0.041,16.6693
308,16.6171,0.0041,0.0431,16.6754
309,16.5861,0.0032,0.0403,16.6406
310,16.6129,0.0034,0.0511,16.6781
311,16.5949,0.0035,0.0407,16.6502
312,16.6173,0.0041,0.0473,16.6802
313,16.6106,0.0042,0.0435,16.6701
314,16.6009,0.0036,0.0504,16.6678
315,16.5787,0.0034,0.0394,16.646
316,16.6052,0.0036,0.0407,16.6596
317,16.7036,0.0044,0.0413,16.7724
318,16.306,0.03,0.0536,16.4032
319,16.5996,0.0047,0.0505,16.6672
320,17.2317,0.0055,0.1075,17.357
321,16.0888,0.0042,0.0828,16.1878
322,16.6139,0.0049,0.0563,16.6866
323,16.5629,0.0042,0.116,16.7062
324,16.4597,0.0026,0.0399,16.5154
325,16.5378,0.0027,0.0372,16.5885
326,16.686,0.0058,0.0752,16.7769
327,16.6083,0.0043,0.0519,16.6738
328,16.5893,0.0054,0.0963,16.7027
329,16.5396,0.0032,0.04,16.596
330,16.6184,0.0026,0.0348,16.6657
331,16.6054,0.003,0.0853,16.703
332,16.5861,0.0027,0.0343,16.6331
333,16.6288,0.0026,0.0347,16.6756
334,16.5944,0.0027,0.0537,16.6606
335,16.6635,0.0037,0.0825,16.7598
336,16.5254,0.0034,0.04,16.5799
337,16.5563,0.003,0.0781,16.6486
338,16.6098,0.0034,0.0593,16.6831
339,16.5792,0.0023,0.0418,16.6339
340,16.6424,0.0025,0.0334,16.6991
341,16.6098,0.0023,0.0411,16.662
342,16.5821,0.0026,0.0337,16.6623
343,16.6165,0.0021,0.054,16.6823
344,16.5852,0.0027,0.0352,16.644
345,16.6345,0.003,0.0371,16.6841
346,16.5938,0.0025,0.0467,16.6534
347,16.5887,0.0022,0.0336,16.6434
348,16.655,0.004,0.0516,16.7197
349,16.564,0.0025,0.0438,16.6225
350,16.6685,0.0028,0.0743,16.7559
351,16.3616,0.0024,0.0419,16.4168
352,16.758,0.0025,0.0752,16.8458
353,16.6111,0.0024,0.0373,16.6604
354,16.6903,0.0048,0.0424,16.7474
355,16.6475,0.0035,0.0946,16.7584
356,16.462,0.0035,0.0793,16.5568
357,16.5669,0.0047,0.0427,16.6258
358,16.4463,0.0047,0.0425,16.5055
359,16.7403,0.0049,0.0614,16.8183
360,16.6144,0.0038,0.0414,16.6723
361,16.5956,0.004,0.0418,16.6531
362,16.6078,0.0033,0.0503,16.6734
363,16.6092,0.003,0.0403,16.6646
364,16.5921,0.0033,0.0464,16.6534
365,16.6279,0.004,0.0443,16.6877
366,16.5971,0.0036,0.0509,16.6633
367,16.5702,0.041,0.0471,16.6698
368,16.586,0.0041,0.0611,16.6615
369,16.534,0.0032,0.0418,16.6479
370,16.618,0.0061,0.0498,16.6855
371,16.5689,0.0047,0.043,16.64
372,16.598,0.0042,0.0444,16.6584
373,16.6396,0.0036,0.0788,16.7332
374,16.5385,0.0049,0.0642,16.6483
375,16.6008,0.0035,0.0425,16.6588
376,16.6054,0.0038,0.0512,16.6721
377,16.5837,0.0037,0.0415,16.6411
378,16.6244,0.0044,0.0415,16.6816
379,16.598,0.0057,0.0531,16.6686
380,16.5619,0.0035,0.0406,16.6201
381,16.6155,0.0037,0.0438,16.6745
382,16.6251,0.0032,0.0386,16.6791
383,16.6082,0.0033,0.0514,16.6735
384,16.6013,0.0046,0.0549,16.6727
385,16.6055,0.0051,0.0479,16.6708
386,16.595,0.0035,0.0513,16.6631
387,16.4519,0.0125,0.0825,16.559
388,16.6941,0.0066,0.058,16.7725
389,16.583,0.0055,0.0554,16.6585
390,16.5853,0.0033,0.039,16.6412
391,16.6741,0.0033,0.0791,16.7667
392,16.5165,0.0038,0.0413,16.5713
393,16.5943,0.0032,0.0384,16.6471
394,16.6192,0.0042,0.0406,16.6745
395,16.7158,0.0036,0.0388,16.7688
396,16.4779,0.0022,0.0306,16.521
397,16.6417,0.0025,0.0312,16.684
398,16.624,0.0022,0.1286,16.7638
399,16.5229,0.0021,0.039,16.5728
400,16.8101,0.0023,0.041,16.8626
401,16.4136,0.0022,0.0392,16.4654
402,16.6894,0.0023,0.0386,16.7397
403,16.56,0.0028,0.0546,16.6264
404,16.5869,0.0024,0.0396,16.6381
405,16.5202,0.0027,0.1052,16.6369
406,16.7109,0.0039,0.0772,16.802
407,16.5821,0.0046,0.1013,16.6987
408,16.5648,0.0189,0.0936,16.6914
409,16.4989,0.0033,0.037,16.5508
410,16.55,0.0039,0.1102,16.6744
411,16.4883,0.0027,0.0479,16.5504
412,16.7106,0.0026,0.0421,16.7764
413,16.5624,0.0023,0.0408,16.6159
414,16.4586,0.0026,0.0591,16.5407
415,16.7364,0.0021,0.0381,16.786
416,16.6127,0.0025,0.0302,16.6543
417,16.6491,0.0022,0.0454,16.7061
418,16.59,0.0037,0.0596,16.6734
419,16.6284,0.0107,0.0977,16.7485
420,16.5541,0.0046,0.0952,16.6794
421,16.5507,0.0048,0.0455,16.6145
422,16.6023,0.0041,0.0897,16.709
423,16.5738,0.0043,0.0505,16.6399
424,16.6206,0.0036,0.1106,16.7468
425,16.473,0.0042,0.0403,16.5304
426,16.5447,0.0043,0.0417,16.6018
427,16.5452,0.0036,0.0542,16.6147
428,16.7444,0.0038,0.042,16.8012
429,16.6107,0.0036,0.0527,16.679
430,16.5931,0.0043,0.0519,16.6743
431,16.6049,0.0045,0.0871,16.7084
432,16.6756,0.0044,0.0929,16.7847
433,16.4508,0.004,0.0888,16.5574
434,16.5357,0.0045,0.0891,16.6412
435,16.5596,0.0041,0.0399,16.616
436,16.6254,0.0058,0.0506,16.693
437,16.5927,0.0041,0.0413,16.6521
438,16.5595,0.0043,0.0443,16.619
439,16.6114,0.0047,0.0448,16.6729
440,16.6157,0.0041,0.0402,16.672
441,16.6254,0.0041,0.0432,16.6836
442,16.5859,0.0039,0.0462,16.6471
443,16.6152,0.005,0.0551,16.6873
444,16.5482,0.0053,0.06,16.6265
445,16.6056,0.0026,0.0512,16.6729
446,16.6612,0.0028,0.1104,16.7846
447,16.4394,0.0026,0.0361,16.5278
448,16.6311,0.0034,0.0417,16.6857
449,16.5959,0.0028,0.0378,16.6478
450,16.5264,0.0025,0.0338,16.5727
451,16.7092,0.0035,0.0839,16.8051
452,16.6068,0.0033,0.0369,16.6584
453,16.6,0.0032,0.0532,16.6672
454,16.58,0.003,0.036,16.64
455,16.642,0.0027,0.0366,16.6903
456,16.6345,0.0024,0.0368,16.6829
457,16.5418,0.0023,0.0388,16.5917
458,16.646,0.0022,0.0574,16.715
459,16.6463,0.0029,0.0373,16.6955
460,16.5687,0.003,0.0348,16.6165
461,16.5766,0.003,0.0849,16.6742
462,16.5854,0.0023,0.0597,16.6573
463,16.607,0.0028,0.0311,16.6667
464,16.5823,0.0025,0.0905,16.6838
465,16.5704,0.0042,0.0621,16.6468
466,16.6482,0.0028,0.0349,16.7115
467,16.6083,0.0035,0.0802,16.7015
468,16.5751,0.0027,0.0408,16.6304
469,16.5534,0.0025,0.0328,16.5978
470,16.6438,0.0027,0.0322,16.6875
471,16.5586,0.0169,0.0338,16.6183
472,16.6403,0.0027,0.0316,16.6834
473,16.6368,0.0024,0.0896,16.7377
474,16.6553,0.0023,0.033,16.6994
475,16.5825,0.0049,0.043,16.6507
476,16.5697,0.0037,0.0864,16.6815
477,16.6282,0.005,0.043,16.6889
478,16.6017,0.0058,0.0496,16.6697
479,16.3688,0.0036,0.0421,16.4265
480,16.7981,0.0057,0.0928,16.9091
481,16.4888,0.0039,0.0445,16.563
482,16.6216,0.0036,0.0395,16.6764
483,16.598,0.003,0.0374,16.648
484,16.6134,0.0041,0.0446,16.6714
485,16.6292,0.0051,0.049,16.6945
486,16.5843,0.0045,0.0487,16.6511
487,16.6373,0.0049,0.0511,16.7053
488,16.5799,0.0037,0.0432,16.6398
489,16.6218,0.0045,0.0493,16.6871
490,16.5812,0.0048,0.0633,16.6621
491,16.5519,0.0056,0.0499,16.6453
492,16.5953,0.0053,0.0539,16.6687
493,16.5799,0.0041,0.0441,16.642
494,16.6259,0.0041,0.0438,16.6856
495,16.5436,0.0044,0.052,16.6122
496,16.6628,0.0035,0.0424,16.7205
497,16.6127,0.0038,0.0506,16.6788
498,16.5971,0.0038,0.045,16.6584
499,16.6156,0.0044,0.055,16.687
500,16.5966,0.0047,0.0443,16.6676
501,16.5022,0.0058,0.0501,16.57
502,16.7003,0.0049,0.0587,16.7773
503,16.547,0.0037,0.0424,16.6062
504,16.6158,0.0039,0.043,16.6755
505,16.6184,0.0041,0.053,16.6881
506,16.6378,0.0042,0.0799,16.7343
507,16.4966,0.0056,0.0502,16.5639
508,16.6199,0.0045,0.0484,16.6865
509,16.577,0.0036,0.0398,16.6412
510,16.7394,0.0063,0.0609,16.8184
511,16.4688,0.0055,0.0557,16.5436
512,16.584,0.0046,0.0511,16.6536
513,16.503,0.0065,0.0627,16.5858
514,16.6896,0.0056,0.0565,16.7653
515,16.5783,0.0055,0.0602,16.6556
516,16.6253,0.0046,0.0512,16.6946
517,16.5685,0.0036,0.0434,16.6273
518,16.6072,0.0045,0.0553,16.6793
519,16.5301,0.006,0.0537,16.6022
520,16.6582,0.0036,0.0603,16.7536
521,16.5784,0.0037,0.0434,16.6391
522,16.4497,0.0033,0.0464,16.5116
523,16.5727,0.0041,0.0677,16.6557
524,16.545,0.0032,0.0387,16.6143
525,16.731,0.0031,0.0572,16.802
526,16.8132,0.0038,0.041,16.8681
527,16.4562,0.003,0.0577,16.5293
528,16.5967,0.002,0.0327,16.6501
529,16.7897,0.003,0.0391,16.8401
530,16.4392,0.0046,0.0628,16.5163
531,16.5016,0.0037,0.0519,16.5695
532,16.6921,0.0037,0.11,16.8183
533,16.5324,0.0045,0.0424,16.5913
534,16.6108,0.0041,0.097,16.7233
535,16.5644,0.0032,0.0391,16.6189
536,16.6157,0.0027,0.0539,16.6835
537,16.4994,0.0027,0.035,16.5592
538,16.6826,0.0027,0.0351,16.7293
539,16.6453,0.0026,0.0338,16.6909
540,16.6252,0.0033,0.0391,16.6768
541,16.6602,0.0024,0.0408,16.7144
542,16.5773,0.0045,0.0489,16.6506
543,16.4848,0.0043,0.1059,16.6062
544,16.7928,0.0046,0.0443,16.8542
545,16.4647,0.005,0.0813,16.5634
546,16.6247,0.004,0.0399,16.6817
547,16.5823,0.0033,0.0893,16.6866
548,16.3737,0.004,0.0399,16.429
549,16.6357,0.0042,0.0906,16.7414
550,16.7028,0.0035,0.041,16.7596
551,16.6084,0.0035,0.0385,16.6624
552,16.6384,0.0045,0.0975,16.7523
553,16.5107,0.0036,0.0748,16.6025
554,16.5578,0.0038,0.1294,16.7037
555,16.3666,0.004,0.0389,16.4212
556,16.793,0.0044,0.0504,16.8593
557,16.6015,0.0038,0.0422,16.6587
558,16.7095,0.0036,0.0823,16.8072
559,16.4673,0.0054,0.0471,16.5318
560,16.5951,0.0033,0.0397,16.6509
561,16.4328,0.0054,0.1197,16.57
562,16.6754,0.0039,0.0414,16.7344
563,16.5826,0.0029,0.0419,16.6395
564,16.5987,0.0023,0.042,16.6531
565,16.6423,0.0023,0.0413,16.6956
566,16.5707,0.0028,0.0317,16.6277
567,16.4754,0.0027,0.0416,16.5289
568,16.7893,0.0023,0.0388,16.8404
569,16.592,0.0025,0.0416,16.6465
570,16.6064,0.0023,0.0309,16.6491
571,16.6567,0.0026,0.0309,16.6999
572,16.6429,0.0032,0.0391,16.6941
573,16.4654,0.0031,0.0342,16.5125
574,16.744,0.0024,0.0308,16.7872
575,16.592,0.0022,0.041,16.6452
576,16.6164,0.0019,0.0393,16.6662
577,16.6487,0.0101,0.0461,16.7138
578,16.5911,0.0022,0.0312,16.6342
579,16.6063,0.0022,0.0722,16.6897
580,16.6085,0.0026,0.0314,16.6517
581,16.6183,0.0174,0.0412,16.6864
582,16.5944,0.0023,0.0337,16.6402
583,16.6248,0.002,0.0386,16.6751
584,16.5727,0.0022,0.0355,16.6312
585,16.5854,0.004,0.0899,16.6874
586,16.6167,0.0031,0.0963,16.7288
587,16.6266,0.0027,0.0695,16.7095
588,16.5057,0.0027,0.0328,16.5626
589,16.642,0.0078,0.0446,16.7036
590,16.5591,0.0022,0.0512,16.6296
591,16.4363,0.002,0.0384,16.4855
592,16.8016,0.0048,0.048,16.8737
593,16.5831,0.0041,0.0421,16.6425
594,16.6108,0.0039,0.0442,16.6702
595,16.6315,0.0037,0.0404,16.6864
596,16.773,0.0042,0.0443,16.8326
597,16.2618,0.0074,0.0433,16.3242
598,16.7712,0.0027,0.0481,16.8325
599,16.6134,0.0046,0.0454,16.6739
